SubjectID,researchdate
792639191900656642,2025-06-01
1306806058556077568,2025-06-01
1585271561336916995,2025-06-01
2243906939957421696,2025-06-01
2594080773626549762,2025-06-01
4827866083748770688,2025-06-01
5188154264055124614,2025-06-01
5269223972552621314,2025-06-01
6341074104264852368,2025-06-01
8791033531835245126,2025-06-01
5034735007817,2025-06-02
225608272464491072,2025-06-02
1306806058556077568,2025-06-02
1585271561336924298,2025-06-02
1585271561336939603,2025-06-02
1585271561336940537,2025-06-02
2243906939957421696,2025-06-02
2603089841281918144,2025-06-02
2963380814038313473,2025-06-02
4107288419676846144,2025-06-02
4548647573216187331,2025-06-02
4692759896965140290,2025-06-02
4827866083748752640,2025-06-02
4908934708435070415,2025-06-02
6629304165209877741,2025-06-02
1306806058556077568,2025-06-03
1585271561336762631,2025-06-03
1585271561337022332,2025-06-03
1729388589032331985,2025-06-03
2315718326334908096,2025-06-03
3828751370547352448,2025-06-03
3972183818959580032,2025-06-03
4548647573216187331,2025-06-03
4692759896965140290,2025-06-03
5629511854270500800,2025-06-03
6196961100373024751,2025-06-03
8430746051069922433,2025-06-03
8872103851395035073,2025-06-03
1585271561336678840,2025-06-04
1729388589032331985,2025-06-04
1954574044080790082,2025-06-04
5269222877690299204,2025-06-04
5332267584642577300,2025-06-04
5764614858704116186,2025-06-04
6133915001473537536,2025-06-04
6196961000847502784,2025-06-04
6998872468341592896,2025-06-04
7214779111113443649,2025-06-04
504410216844887574,2025-06-05
648524241621891017,2025-06-05
1297043030334348571,2025-06-05
1585271561337043360,2025-06-05
1729388589032331985,2025-06-05
1954573939019829505,2025-06-05
2243906939957421696,2025-06-05
2305848744076623212,2025-06-05
2305848744076623288,2025-06-05
2882311520272393920,2025-06-05
4620705504559293121,2025-06-05
5764614858704116186,2025-06-05
5917742103239452545,2025-06-05
6052843423965704272,2025-06-05
6701361217345430749,2025-06-05
7710168402041500482,2025-06-05
504410216844887574,2025-06-06
1585271561336883308,2025-06-06
1585271561336903348,2025-06-06
1585271561336921966,2025-06-06
1585271561337014587,2025-06-06
1585271561337035030,2025-06-06
1729388589032331985,2025-06-06
1954573939019829505,2025-06-06
2233791780476071135,2025-06-06
2305848744076623212,2025-06-06
3098483135638259014,2025-06-06
8214571128982578588,2025-06-06
9019569075743616,2025-06-07
1161942649620631617,2025-06-07
1297043030334348571,2025-06-07
1450169730127850278,2025-06-07
1585271561336659765,2025-06-07
1585271561336985866,2025-06-07
1585271561337011960,2025-06-07
1585271561337012029,2025-06-07
1585271561337028331,2025-06-07
1585271561337034979,2025-06-07
1882516134850618573,2025-06-07
3891117339130576500,2025-06-07
5764614858704116186,2025-06-07
6052843423965704632,2025-06-07
6998605659912808066,2025-06-07
7854284809238590800,2025-06-07
8502804186997688729,2025-06-07
8800699037240317312,2025-06-07
1513216560753935319,2025-06-08
1585271561336642216,2025-06-08
1585271561336724594,2025-06-08
1585271561336862731,2025-06-08
1585271561336921966,2025-06-08
1585271561337034979,2025-06-08
1729388589032331985,2025-06-08
1954573939019829505,2025-06-08
2305848744076622427,2025-06-08
2531033574337167351,2025-06-08
2738194092690289674,2025-06-08
3251610565345318400,2025-06-08
5764614858704116186,2025-06-08
7782225973962771416,2025-06-08
7791241212634245504,2025-06-08
936756002501340111,2025-06-09
1297043030334348571,2025-06-09
1369101741337282579,2025-06-09
1585271561336724594,2025-06-09
1585271561336738103,2025-06-09
1585271561336939603,2025-06-09
1585271561336963868,2025-06-09
1585271561337041337,2025-06-09
1729388589032331985,2025-06-09
1954573939019829505,2025-06-09
3891115984388077834,2025-06-09
4548647573216187331,2025-06-09
5125154805357923008,2025-06-09
6854489498627102104,2025-06-09
7782225973962771416,2025-06-09
8502803222098581352,2025-06-09
792639191900656652,2025-06-10
1585271561336642047,2025-06-10
1585271561336724594,2025-06-10
1585271561336738103,2025-06-10
1585271561336999721,2025-06-10
1585271561337012029,2025-06-10
4476589022556912544,2025-06-10
5764614858704116186,2025-06-10
6341074104264852173,2025-06-10
6998605980629640196,2025-06-10
7719181970776511680,2025-06-10
874855854027596352,2025-06-11
1080870969472001738,2025-06-11
1585271561336667188,2025-06-11
1585271561336807521,2025-06-11
1585271561336992295,2025-06-11
1585271561337020491,2025-06-11
1729388589032331985,2025-06-11
2242805481916280257,2025-06-11
3963174731014708819,2025-06-11
6061855903379450688,2025-06-11
6494202667536140096,2025-06-11
6557246880847484935,2025-06-11
6998872468341592896,2025-06-11
7998397832613031942,2025-06-11
8583871661534034304,2025-06-11
792639191900656750,2025-06-12
1297043030334348571,2025-06-12
1585271561336820883,2025-06-12
1585271561336969923,2025-06-12
1585271561337012029,2025-06-12
1729388589032331985,2025-06-12
5044039385649898752,2025-06-12
7998400403885849124,2025-06-12
369305952269615221,2025-06-13
1297043030334348571,2025-06-13
1513216560753935319,2025-06-13
1585271561336723110,2025-06-13
1585271561336876209,2025-06-13
1585271561337036442,2025-06-13
1585271561337040209,2025-06-13
2819265587255210048,2025-06-13
4764820692635344322,2025-06-13
4899922101829706304,2025-06-13
5044039385649898752,2025-06-13
5476384795035394075,2025-06-13
6341074104264852173,2025-06-13
6557248561836698767,2025-06-13
7791241212634245504,2025-06-13
7998400403885849124,2025-06-13
8295642745197945921,2025-06-13
9312040921243712,2025-06-14
297251194917919616,2025-06-14
360295281038589837,2025-06-14
369305952269615221,2025-06-14
441361688982367554,2025-06-14
576467810957597744,2025-06-14
648524241621891017,2025-06-14
1513216533926154380,2025-06-14
1585271561336624659,2025-06-14
1585271561336627208,2025-06-14
1585271561336999191,2025-06-14
1729388589032331985,2025-06-14
1882516134850618573,2025-06-14
1954573939019829505,2025-06-14
2738194092690289029,2025-06-14
2748907845476333312,2025-06-14
5332267584642577230,2025-06-14
5764614858704116186,2025-06-14
7277824441388353957,2025-06-14
7998400403885849124,2025-06-14
8502804186997688729,2025-06-14
8935147025123495532,2025-06-14
504410762191816834,2025-06-15
648524241621891086,2025-06-15
792640588831739528,2025-06-15
1513216533926154380,2025-06-15
1585271561336614331,2025-06-15
1585271561336888673,2025-06-15
1585271561336999191,2025-06-15
1729388589032331985,2025-06-15
2738194092690289029,2025-06-15
3251612677654324864,2025-06-15
4611694214010660315,2025-06-15
5629511854270500800,2025-06-15
6701361217345430741,2025-06-15
5034735007627,2025-06-16
1585271561336736404,2025-06-16
1585271561336762631,2025-06-16
1585271561336876209,2025-06-16
1585271561336969686,2025-06-16
1585271561337036299,2025-06-16
1585271561337037325,2025-06-16
4261580498707044544,2025-06-16
6341074104264852773,2025-06-16
6629304165209877571,2025-06-16
8656108611308985408,2025-06-16
5034735007627,2025-06-17
875163993763721408,2025-06-17
1450169730127850278,2025-06-17
1585271561336584729,2025-06-17
1585271561336736404,2025-06-17
1585271561336790289,2025-06-17
1585271561336920304,2025-06-17
1585271561337003723,2025-06-17
2963380814038309056,2025-06-17
3828751370547352448,2025-06-17
4980991965168188033,2025-06-17
5701568878757408000,2025-06-17
5991025196473750720,2025-06-17
6052843423965704462,2025-06-17
6061857247078127296,2025-06-17
6413133733194254145,2025-06-17
6629304165209877571,2025-06-17
8872102557463947648,2025-06-17
504410216844887574,2025-06-18
648524241621891017,2025-06-18
1234000039061637954,2025-06-18
1585271561336660303,2025-06-18
1585271561336937810,2025-06-18
1585271561337001691,2025-06-18
2738194092690289787,2025-06-18
2810263319524575168,2025-06-18
4188358369920040000,2025-06-18
6052843423965704462,2025-06-18
6052843423965704511,2025-06-18
6052843423965704632,2025-06-18
6557246880847484935,2025-06-18
6566260261574333184,2025-06-18
6629304165209876826,2025-06-18
7421937771504245301,2025-06-18
8872102557463947648,2025-06-18
1585271561336762631,2025-06-19
1585271561336863782,2025-06-19
1585271561336931686,2025-06-19
1585271561336969686,2025-06-19
1585271561337001691,2025-06-19
1585271561337012029,2025-06-19
1585271561337040624,2025-06-19
1585271561337041337,2025-06-19
1873514873511094208,2025-06-19
2604256311380796096,2025-06-19
3891115984388077661,2025-06-19
3891115984388077709,2025-06-19
6196958805535046283,2025-06-19
7286836179836408576,2025-06-19
7782225973962771416,2025-06-19
8367698818594834445,2025-06-19
9079264347632290320,2025-06-19
576465923186619467,2025-06-20
801649609405801345,2025-06-20
1585271561336762631,2025-06-20
1585271561336985149,2025-06-20
1585271561337012029,2025-06-20
2748907845476333312,2025-06-20
2963380775332161280,2025-06-20
3098483602160404038,2025-06-20
3891115984388077661,2025-06-20
7647124459683657921,2025-06-20
7782225973962770785,2025-06-20
8872102004503143605,2025-06-20
5034735006047,2025-06-21
1522327548243721536,2025-06-21
1585271561336828598,2025-06-21
1585271561337012029,2025-06-21
1585271561337025775,2025-06-21
1585271561337041337,2025-06-21
3107700341612065664,2025-06-21
3828751370547352448,2025-06-21
4035232106963127754,2025-06-21
4261580498707044544,2025-06-21
4611691438142762186,2025-06-21
6341074104264852368,2025-06-21
6341074104264854520,2025-06-21
8214571128982578588,2025-06-21
1585271561336642216,2025-06-22
1585271561337041337,2025-06-22
1585271561337051825,2025-06-22
1585271561337054131,2025-06-22
1729388589032331985,2025-06-22
2305848744076622362,2025-06-22
2963380775332161280,2025-06-22
3828751370547352448,2025-06-22
4467576858342743369,2025-06-22
5044039385649898752,2025-06-22
6341074104264852368,2025-06-22
6629304165209877199,2025-06-22
7791241212634245504,2025-06-22
8502804186997688729,2025-06-22
1585271561336915000,2025-06-23
1585271561337013256,2025-06-23
1729388589032331985,2025-06-23
2305848744076622362,2025-06-23
2738194092690289675,2025-06-23
2747206450459321889,2025-06-23
3107495819638266880,2025-06-23
3530830270264483540,2025-06-23
4404534342618501632,2025-06-23
5764614858704116186,2025-06-23
6196958805535046283,2025-06-23
6701361217345429307,2025-06-23
6998605980629640196,2025-06-23
7215494154939420416,2025-06-23
7782225973962771416,2025-06-23
8142515912690094339,2025-06-23
792639191900656642,2025-06-24
1585271561336921162,2025-06-24
1585271561336939603,2025-06-24
1585271561337040881,2025-06-24
2170747290681326786,2025-06-24
2882311520272393922,2025-06-24
3107495819638272003,2025-06-24
4683750671725055367,2025-06-24
4693486955013172224,2025-06-24
5270070211184864256,2025-06-24
6629304165209877571,2025-06-24
8151714564325193472,2025-06-24
9007207445622427913,2025-06-24
432351254888983589,2025-06-25
648524241621891017,2025-06-25
1450169741182143061,2025-06-25
1585271561337001691,2025-06-25
1585271561337012029,2025-06-25
1585271561337041337,2025-06-25
1729390231323622656,2025-06-25
2449965110012013060,2025-06-25
2882311404140241876,2025-06-25
3674944142301961984,2025-06-25
3972187335165675456,2025-06-25
4260416422919966855,2025-06-25
6052843423965704118,2025-06-25
6061857291315688320,2025-06-25
7863297125675401793,2025-06-25
8007412236336258369,2025-06-25
648524241621891017,2025-06-26
1585271561336611199,2025-06-26
1585271561336920304,2025-06-26
1585271561337001691,2025-06-26
1585271561337012029,2025-06-26
2747957778956732736,2025-06-26
4476590604025634241,2025-06-26
5991025196473750720,2025-06-26
6341074104264852368,2025-06-26
6629304165209877199,2025-06-26
7277824441388353957,2025-06-26
873711825569141888,2025-06-27
1306055321721055769,2025-06-27
1585271561336585138,2025-06-27
1585271561336724594,2025-06-27
1585271561336792168,2025-06-27
1585271561337001691,2025-06-27
1585271561337012029,2025-06-27
1585271561337036739,2025-06-27
1585271561337050126,2025-06-27
2233791780476071135,2025-06-27
2531035227693137728,2025-06-27
4755806029018135186,2025-06-27
4764817325728903810,2025-06-27
5764614858704116186,2025-06-27
6629304165209877199,2025-06-27
6629304165209877317,2025-06-27
1017826200793646913,2025-06-28
1585271561336680874,2025-06-28
1585271561336994462,2025-06-28
1585271561337012029,2025-06-28
1594711382926345728,2025-06-28
1729388589032331985,2025-06-28
1873504623131540673,2025-06-28
2738194092690289729,2025-06-28
3684346221097551104,2025-06-28
3828751370547352448,2025-06-28
5764614858704116186,2025-06-28
6196961100373024751,2025-06-28
6629304165209876419,2025-06-28
8430746051069925056,2025-06-28
153134419846816512,2025-06-29
1089884978166964928,2025-06-29
1306055918923481346,2025-06-29
1306199128137519168,2025-06-29
1585271561336746677,2025-06-29
1585271561336792168,2025-06-29
1585271561336850951,2025-06-29
1585271561336992295,2025-06-29
1585271561337033691,2025-06-29
1729388589032331985,2025-06-29
1738403280270865088,2025-06-29
2233791780476071135,2025-06-29
2819264099792802147,2025-06-29
3242598926442262465,2025-06-29
3819059496266608833,2025-06-29
6052843423965704693,2025-06-29
6629304165209876419,2025-06-29
6638317131229860104,2025-06-29
6784000971139791808,2025-06-29
7214778110251697675,2025-06-29
8502803222098581352,2025-06-29
8935147025123496488,2025-06-29
8935148650840696065,2025-06-29
1008811907659198081,2025-06-30
1306055321721055829,2025-06-30
1585271561336619618,2025-06-30
1729390231323623488,2025-06-30
2233791780476071135,2025-06-30
2377906299442911070,2025-06-30
2738194092690289087,2025-06-30
2819265587255210048,2025-06-30
3747000630363940429,2025-06-30
4332926112403708992,2025-06-30
4548647573216187331,2025-06-30
4692759896965140290,2025-06-30
6052843423965704794,2025-06-30
6341074104264856336,2025-06-30
8214572793405073281,2025-06-30
8935148650840696065,2025-06-30
864698737912134848,2025-07-01
1585271561336618120,2025-07-01
1585271561336981327,2025-07-01
1585271561337038249,2025-07-01
1585271561337052322,2025-07-01
2738194092690289798,2025-07-01
6052843423965704794,2025-07-01
6629304165209878803,2025-07-01
7782225885427882401,2025-07-01
1018435448109585216,2025-07-02
1585271561336678240,2025-07-02
1585271561336901830,2025-07-02
1585271561337013050,2025-07-02
1585271561337038249,2025-07-02
2233791780476071135,2025-07-02
2458979315686200704,2025-07-02
2738194092690289068,2025-07-02
4332926112403708992,2025-07-02
6629304165209876517,2025-07-02
6629304165209876826,2025-07-02
7000147901829877888,2025-07-02
8152383067394922560,2025-07-02
8502803222098580817,2025-07-02
8502803222098581352,2025-07-02
1585271561336724594,2025-07-03
1585271561336804690,2025-07-03
1585271561336939603,2025-07-03
1585271561336965723,2025-07-03
1585271561337038249,2025-07-03
7277824441388353957,2025-07-03
8439756777586741417,2025-07-03
1523321506755270400,2025-07-04
1585271561336939603,2025-07-04
2315410463079109376,2025-07-04
2458979132178470784,2025-07-04
2531033574337168760,2025-07-04
2738194092690289068,2025-07-04
2882311520272393920,2025-07-04
3179555360094860800,2025-07-04
3674945297996420289,2025-07-04
3828751370547352448,2025-07-04
5332267584642577171,2025-07-04
5629511306838413568,2025-07-04
6999901611225248000,2025-07-04
4844634155853,2025-07-05
1585271561336707200,2025-07-05
1585271561337038249,2025-07-05
1585271561337045199,2025-07-05
3035436765780351298,2025-07-05
3891117339130576665,2025-07-05
4910416013119984512,2025-07-05
5332267584642577308,2025-07-05
5413337214202460341,2025-07-05
6052843423965704462,2025-07-05
6557246880847484935,2025-07-05
6710896979337277376,2025-07-05
7719181224280448770,2025-07-05
4844634155853,2025-07-06
648524241621891017,2025-07-06
1306055918923481346,2025-07-06
1585271561336914956,2025-07-06
1585271561337038249,2025-07-06
1585271561337039694,2025-07-06
1729388589032331985,2025-07-06
1738401389149752705,2025-07-06
1738403280270865088,2025-07-06
2017618760585039891,2025-07-06
2305848744076623062,2025-07-06
2531033574337167351,2025-07-06
2963380775332161280,2025-07-06
3035436765780351298,2025-07-06
6557248337293371808,2025-07-06
7864636896608235520,2025-07-06
226944985535436544,2025-07-07
1585271561336611199,2025-07-07
1585271561337001691,2025-07-07
1585271561337030686,2025-07-07
1585271561337036299,2025-07-07
1585271561337038249,2025-07-07
1729388589032331985,2025-07-07
2315410463079109376,2025-07-07
2531033574337168760,2025-07-07
3467783911479848960,2025-07-07
4692759896965140290,2025-07-07
4980991965168188033,2025-07-07
6052843423965704808,2025-07-07
7493996866413375452,2025-07-07
7926341023773842966,2025-07-07
72064849589778856,2025-07-08
648524241621891017,2025-07-08
1585271561336724594,2025-07-08
1585271561336792168,2025-07-08
1585271561336914367,2025-07-08
1594286234250459457,2025-07-08
2449965110012013004,2025-07-08
2738194092690289674,2025-07-08
4836877772415165249,2025-07-08
5332267584642577308,2025-07-08
5413337214202460341,2025-07-08
6629304165209876826,2025-07-08
7782225885427882465,2025-07-08
7864636896608235520,2025-07-08
8502803222098581352,2025-07-08
8511814487741101120,2025-07-08
1585271561337012029,2025-07-09
1585271561337012619,2025-07-09
1585271561337013050,2025-07-09
1585271561337038249,2025-07-09
2089678234678291312,2025-07-09
2531033574337167351,2025-07-09
4107288419676846176,2025-07-09
4107288419676846185,2025-07-09
4332475006756913344,2025-07-09
5989799398687552961,2025-07-09
6052843423965704462,2025-07-09
6638317131229860104,2025-07-09
7719182053721744961,2025-07-09
9079264895077392448,2025-07-09
369305952269615221,2025-07-10
1017826217384034560,2025-07-10
1585271561337003723,2025-07-10
1585271561337011960,2025-07-10
1585271561337012619,2025-07-10
1594286234250459457,2025-07-10
1729388589032331985,2025-07-10
4694146125618540160,2025-07-10
4755806029018135186,2025-07-10
5836672477688188876,2025-07-10
6052843423965704511,2025-07-10
1369101347001710020,2025-07-11
1585271561336939603,2025-07-11
1585271561337000671,2025-07-11
1585271561337001691,2025-07-11
1585271561337012619,2025-07-11
1585271561337021320,2025-07-11
2089678234678291312,2025-07-11
2315410463079109376,2025-07-11
3098483602160404120,2025-07-11
6052843423965704462,2025-07-11
6341074104264854133,2025-07-11
6629304165209876826,2025-07-11
8872102557463947648,2025-07-11
9016219708573634752,2025-07-11
4844634155853,2025-07-12
945767318361640843,2025-07-12
2377907662666834967,2025-07-12
3963175209649622991,2025-07-12
4981083796812416512,2025-07-12
5413338585548960451,2025-07-12
6629304165209876826,2025-07-12
6629304165209877384,2025-07-12
7430950931072305153,2025-07-12
9089272665615484736,2025-07-12
792639191900656652,2025-07-13
945767318361640843,2025-07-13
1008813765626955268,2025-07-13
1585271561336903088,2025-07-13
1585271561336939603,2025-07-13
4107288419676846159,2025-07-13
5548441990942657024,2025-07-13
6052843385257647256,2025-07-13
6557248456781430976,2025-07-13
6629304165209878882,2025-07-13
8367700483004796481,2025-07-13
8800233530290716352,2025-07-13
801651201304652617,2025-07-14
1585271561336911990,2025-07-14
1585271561336939603,2025-07-14
1585271561337003723,2025-07-14
1585271561337019454,2025-07-14
2531034624961077888,2025-07-14
3756013319945360386,2025-07-14
3819059496266608833,2025-07-14
4116938418784426305,2025-07-14
4908935609760526337,2025-07-14
5044038169132515266,2025-07-14
5548440520018748299,2025-07-14
6557248384888776892,2025-07-14
6629304165209876610,2025-07-14
6629304165209877571,2025-07-14
6629304165209877635,2025-07-14
7430953319858640640,2025-07-14
8511814487741101120,2025-07-14
442932828512505024,2025-07-15
792640588831739337,2025-07-15
1585271561336659765,2025-07-15
1585271561337037325,2025-07-15
1882516134850618573,2025-07-15
2738194092690289068,2025-07-15
6629304165209878882,2025-07-15
802341714711045824,2025-07-16
1369101741337282579,2025-07-16
1585271561336717022,2025-07-16
1585271561337036299,2025-07-16
1729388589032331985,2025-07-16
1954572816503618427,2025-07-16
2738194092690289707,2025-07-16
3530830270264483540,2025-07-16
4827866083748752640,2025-07-16
5332267584642577308,2025-07-16
5629513342402052418,2025-07-16
8872100102946455617,2025-07-16
8944181243923981696,2025-07-16
1450169741182143061,2025-07-17
1585271561336651492,2025-07-17
1585271561336965723,2025-07-17
1729388589032331985,2025-07-17
1954572816503618427,2025-07-17
2314863075954555456,2025-07-17
5476383163815322436,2025-07-17
6629304165209877571,2025-07-17
6701361217345430160,2025-07-17
8935148003885016748,2025-07-17
792639191900656652,2025-07-18
1513216533926154380,2025-07-18
1585271561336925056,2025-07-18
1585271561337025894,2025-07-18
2891322904814631489,2025-07-18
3747000630363940378,2025-07-18
4764817325728907200,2025-07-18
5188154264055125507,2025-07-18
6701361217345430821,2025-07-18
1585271561336920427,2025-07-19
1585271561336938714,2025-07-19
1585271561336939603,2025-07-19
1585271561337025894,2025-07-19
1585271561337037325,2025-07-19
1954572816503618427,2025-07-19
2386918729101108450,2025-07-19
2531033574337165035,2025-07-19
2531033574337167351,2025-07-19
3036777244507937536,2025-07-19
3891117339130576500,2025-07-19
5053097653687384960,2025-07-19
5116096277414530917,2025-07-19
6999901611225248000,2025-07-19
7071730495301498368,2025-07-19
360293909705804759,2025-07-20
513422920879685185,2025-07-20
1585271561336623843,2025-07-20
1585271561337024794,2025-07-20
1585271561337034788,2025-07-20
1954572816503618427,2025-07-20
2017618760585039891,2025-07-20
2315718326334908096,2025-07-20
4476588735011997195,2025-07-20
5197166057798798210,2025-07-20
6629304165209877635,2025-07-20
9007204939872883048,2025-07-20
1585271561336611199,2025-07-21
1585271561337041337,2025-07-21
1873514497487928217,2025-07-21
1954572816503618427,2025-07-21
2233792637557837251,2025-07-21
4116938418784426305,2025-07-21
4332476184562103680,2025-07-21
4693319292874423872,2025-07-21
5044039385649898752,2025-07-21
5413337214202458699,2025-07-21
6341074104264850489,2025-07-21
6629304165209877571,2025-07-21
6710563242055037760,2025-07-21
7358894033763630339,2025-07-21
8430745724812681766,2025-07-21
8727990074356778752,2025-07-21
1585271561336650970,2025-07-22
1585271561336987845,2025-07-22
1585271561337012029,2025-07-22
1666343015431464640,2025-07-22
3037129187761925376,2025-07-22
4764817325728903810,2025-07-22
5764614858704116547,2025-07-22
6629304165209877571,2025-07-22
7143550849188499200,2025-07-22
8430745724812681766,2025-07-22
9007204939872883266,2025-07-22
792639191900656652,2025-07-23
1297043019275485478,2025-07-23
1585271561336615624,2025-07-23
1585271561336912413,2025-07-23
1585271561336950095,2025-07-23
1585271561337012029,2025-07-23
3036135594203998528,2025-07-23
3539841610578591425,2025-07-23
4406223391538753408,2025-07-23
5908730160197041621,2025-07-23
6629304165209877571,2025-07-23
6629304165209878003,2025-07-23
6999901611225248000,2025-07-23
7214778464155601536,2025-07-23
7421939452518497488,2025-07-23
9019569075740289,2025-07-24
153131660580731456,2025-07-24
802341714711045824,2025-07-24
1306055321721055829,2025-07-24
1369101347001709768,2025-07-24
1585271561336714584,2025-07-24
1585271561336939603,2025-07-24
1585271561336999191,2025-07-24
1585271561337041337,2025-07-24
2738194092690289068,2025-07-24
3098482975285223429,2025-07-24
5269225437896844992,2025-07-24
5629511854270500800,2025-07-24
5845683690814372429,2025-07-24
6629304165209876826,2025-07-24
7000147901829877888,2025-07-24
7719181970776507008,2025-07-24
8286630956996229888,2025-07-24
8295643071445386113,2025-07-24
8430745724812681766,2025-07-24
576467810957597286,2025-07-25
945767174589347532,2025-07-25
1585271561336939603,2025-07-25
1585271561336994742,2025-07-25
2387572825029727232,2025-07-25
2738194092690289068,2025-07-25
4764817325728904706,2025-07-25
4980991965168188033,2025-07-25
5404326610889164485,2025-07-25
6205969366230461440,2025-07-25
6629304165209876489,2025-07-25
6927737971451443776,2025-07-25
7719182053721744961,2025-07-25
576467810957597286,2025-07-26
1513216533926154380,2025-07-26
1585271561336771633,2025-07-26
1585271561337024703,2025-07-26
2676102810245518080,2025-07-26
2738194092690289034,2025-07-26
3674945297996420289,2025-07-26
3963175088006360577,2025-07-26
6566258848326416286,2025-07-26
6566261173957204096,2025-07-26
7430951296027747843,2025-07-26
8367700483004796672,2025-07-26
8430745724812681766,2025-07-26
4844634155853,2025-07-27
432351254888983589,2025-07-27
1585271561336866220,2025-07-27
1585271561336926023,2025-07-27
1585271561336979665,2025-07-27
2233791780476071135,2025-07-27
2676102810245518080,2025-07-27
2738194092690289068,2025-07-27
2738194092690289087,2025-07-27
2810253572328672833,2025-07-27
4332476682224605632,2025-07-27
5764615010830211364,2025-07-27
5989801510985421761,2025-07-27
6341072931965192431,2025-07-27
6566258848326419843,2025-07-27
7421939325345059009,2025-07-27
8430745724812681766,2025-07-27
8511817191720792833,2025-07-27
1369101347001709768,2025-07-28
1585271561336901830,2025-07-28
1585271561336939603,2025-07-28
1585271561337045121,2025-07-28
1729388589032331985,2025-07-28
4476589022556912768,2025-07-28
4693319292874423872,2025-07-28
5044039385649898752,2025-07-28
5413337214202462653,2025-07-28
6133915128677068544,2025-07-28
6196958805535046283,2025-07-28
6999901611225248000,2025-07-28
7782225973962771544,2025-07-28
81077505949385027,2025-07-29
1233998501833434304,2025-07-29
1522327548243721536,2025-07-29
1585271561336684477,2025-07-29
1585271561336714584,2025-07-29
1585271561336901830,2025-07-29
1585271561337003723,2025-07-29
1585271561337010551,2025-07-29
1585271561337026298,2025-07-29
2305848744076622405,2025-07-29
2676102810245518080,2025-07-29
3819059905448883660,2025-07-29
4332476682224605632,2025-07-29
4692759896965140290,2025-07-29
5404326610889164485,2025-07-29
5764613821978702687,2025-07-29
5764615010830211364,2025-07-29
6052843423965704118,2025-07-29
6196960145816224833,2025-07-29
8656829890936839488,2025-07-29
8801587602994100992,2025-07-29
576467810957597286,2025-07-30
792640588831739528,2025-07-30
936754186446804364,2025-07-30
1585271561336662224,2025-07-30
1585271561336915000,2025-07-30
2738194092690289029,2025-07-30
2882311520272393920,2025-07-30
3819059496266608833,2025-07-30
5413337214202460145,2025-07-30
5476385132355153731,2025-07-30
5764615010830211364,2025-07-30
6413133733194254145,2025-07-30
7277824441388353957,2025-07-30
7791241212634248768,2025-07-30
8656829890936839488,2025-07-30
9089615978663728320,2025-07-30
360295281038589837,2025-07-31
1161942649620631617,2025-07-31
1585271561336684477,2025-07-31
2819265587255210048,2025-07-31
3323668325271603393,2025-07-31
3674943108267374686,2025-07-31
4694269270920854528,2025-07-31
6052843423965704462,2025-07-31
6629304165209878911,2025-07-31
7791239233038936448,2025-07-31
8295642745197945921,2025-07-31
8295643071445386113,2025-07-31
8367700483004796672,2025-07-31
8583871904837544942,2025-07-31
8656829890936839488,2025-07-31
441361688982365506,2025-08-01
657537196568801346,2025-08-01
1585271561336840314,2025-08-01
1585271561336931900,2025-08-01
1585271561337048751,2025-08-01
2233792637557836352,2025-08-01
2377907662666834967,2025-08-01
2522022433100765129,2025-08-01
2676102810245518080,2025-08-01
4107288419676846194,2025-08-01
4692759896965140290,2025-08-01
4827866083748764550,2025-08-01
5053051190437830144,2025-08-01
5269222877690299218,2025-08-01
6052843423965704633,2025-08-01
6629304165209877571,2025-08-01
6629304165209878911,2025-08-01
6998605659912808066,2025-08-01
8367700483004796672,2025-08-01
8800233530290716352,2025-08-01
4844634155853,2025-08-02
585481725913662850,2025-08-02
1585271561336768127,2025-08-02
1585271561336777542,2025-08-02
1585271561337023699,2025-08-02
1585271561337034979,2025-08-02
4899922101829706304,2025-08-02
6061859049728065089,2025-08-02
441361688982362497,2025-08-03
648524241621891088,2025-08-03
1585271561336939603,2025-08-03
1585271561337038249,2025-08-03
3674943108267374686,2025-08-03
3674945297996420289,2025-08-03
3747000630363940378,2025-08-03
6341074104264855368,2025-08-03
8214572793405073281,2025-08-03
8223585134570189760,2025-08-03
801651201304652042,2025-08-04
1018972009783960384,2025-08-04
1585271561336689109,2025-08-04
1585271561336982180,2025-08-04
1585271561337026613,2025-08-04
2531033574337164707,2025-08-04
3747000630363940378,2025-08-04
4406223391538753408,2025-08-04
5548440520018748310,2025-08-04
5980786504561921994,2025-08-04
8367700483004796672,2025-08-04
81077505949385027,2025-08-05
1585271561336618120,2025-08-05
1585271561336878967,2025-08-05
1585271561337003723,2025-08-05
2882311337796875265,2025-08-05
3035436765780351298,2025-08-05
3467783911479848960,2025-08-05
3747000630363940378,2025-08-05
5116095829525861647,2025-08-05
5188154264055124614,2025-08-05
5630042329367316992,2025-08-05
5764615010830211364,2025-08-05
5836672477688190152,2025-08-05
6052843423965704501,2025-08-05
6557248337293371808,2025-08-05
7719181970776511680,2025-08-05
8079470792529455296,2025-08-05
8367701594454496128,2025-08-05
8872102004503143591,2025-08-05
369307611172934656,2025-08-06
1585271561337011501,2025-08-06
1585271561337028331,2025-08-06
1585271561337048751,2025-08-06
1594711382926345728,2025-08-06
1873514497487928217,2025-08-06
2314863075954555456,2025-08-06
2458979132178470784,2025-08-06
2882311337796875265,2025-08-06
4323463152188622715,2025-08-06
4692759896965140290,2025-08-06
5054768684649409472,2025-08-06
6701361217345430821,2025-08-06
7719183474830902656,2025-08-06
7864636896608235520,2025-08-06
8152479824418179968,2025-08-06
8367701594454496128,2025-08-06
8511814487741101120,2025-08-06
1585271561336757009,2025-08-07
1585271561336840314,2025-08-07
1585271561337011960,2025-08-07
1810459314961887811,2025-08-07
2233792554604317953,2025-08-07
2604256311380796096,2025-08-07
2738194092690289029,2025-08-07
3747000630363940378,2025-08-07
4188358933945245444,2025-08-07
5269223972552621825,2025-08-07
6196961100373024751,2025-08-07
6279193784262148864,2025-08-07
6557246880847484629,2025-08-07
6629304165209878704,2025-08-07
6629304165209879143,2025-08-07
6701361217345430821,2025-08-07
9089431260710255744,2025-08-07
442932828512505024,2025-08-08
801651925687944604,2025-08-08
1585271561336906548,2025-08-08
1585271561337035030,2025-08-08
1585271561337036911,2025-08-08
1729388589032331985,2025-08-08
3098483603763034510,2025-08-08
3458771572229117194,2025-08-08
3747000630363940378,2025-08-08
4406223391538753408,2025-08-08
4476591665707205376,2025-08-08
6052843423965704421,2025-08-08
6052843423965704511,2025-08-08
6629304165209877571,2025-08-08
8872100102946455617,2025-08-08
360293909705804778,2025-08-09
585480984933644800,2025-08-09
1585271561336840314,2025-08-09
1585271561336864469,2025-08-09
1585271561336939603,2025-08-09
1585271561337018173,2025-08-09
1585271561337025775,2025-08-09
2604643339473788352,2025-08-09
3458771572229117194,2025-08-09
3891115984388077643,2025-08-09
5269225437896844992,2025-08-09
5413337214202462653,2025-08-09
8935148960500687616,2025-08-09
1378872575867915520,2025-08-10
1585271561336901830,2025-08-10
1585271561336913416,2025-08-10
1585271561337011960,2025-08-10
1585271561337034979,2025-08-10
1585271561337036299,2025-08-10
1585271561337038249,2025-08-10
1585271561337051847,2025-08-10
1810459314961887746,2025-08-10
2531033574337164798,2025-08-10
3684346221097551104,2025-08-10
4332926112403708992,2025-08-10
4980991965168188033,2025-08-10
5044039385649898752,2025-08-10
5413337214202462653,2025-08-10
5764615010830211364,2025-08-10
7277824441388353957,2025-08-10
8214572793405073281,2025-08-10
8656829890936839488,2025-08-10
8801587602994100992,2025-08-10
792639191900656652,2025-08-11
873709458900883723,2025-08-11
1224996632231164864,2025-08-11
1306055321721055768,2025-08-11
4116489126782834816,2025-08-11
4692759896965140290,2025-08-11
5629511959330150400,2025-08-11
5764615010830211364,2025-08-11
6701361217345430741,2025-08-11
6711600666779088385,2025-08-11
7430953319858640640,2025-08-11
7575588373213017664,2025-08-11
8872102004503143591,2025-08-11
8944162424173818304,2025-08-11
225335593580788480,2025-08-12
1585271561336934288,2025-08-12
1585271561336939603,2025-08-12
1585271561337003723,2025-08-12
1585271561337023406,2025-08-12
2458979132178470784,2025-08-12
3747000630363940378,2025-08-12
4332475006756913344,2025-08-12
4692759896965140290,2025-08-12
4693767893618572608,2025-08-12
4694269270920854528,2025-08-12
4899922101829706304,2025-08-12
6341074104264856442,2025-08-12
6566261489145002688,2025-08-12
8295642745197945921,2025-08-12
8872102004503143591,2025-08-12
81077505949385027,2025-08-13
504410216844887574,2025-08-13
657645625071782656,2025-08-13
1234000039061637954,2025-08-13
1585271561336615576,2025-08-13
1585271561336877696,2025-08-13
1585271561336920078,2025-08-13
1585271561337002196,2025-08-13
1585271561337023951,2025-08-13
1585271561337036299,2025-08-13
1585271561337042692,2025-08-13
1585271561337045121,2025-08-13
1873514497487928217,2025-08-13
3314657355444378182,2025-08-13
3747000630363940378,2025-08-13
3747001515156930818,2025-08-13
4116348389294694784,2025-08-13
4261958918713328448,2025-08-13
5260212023980595118,2025-08-13
6196958805535046283,2025-08-13
6629304165209877269,2025-08-13
8214571128982578575,2025-08-13
360295029579446279,2025-08-14
1522239587313476288,2025-08-14
1585271561336584729,2025-08-14
1585271561336615576,2025-08-14
1585271561336965723,2025-08-14
1585271561337003723,2025-08-14
2098688789787818843,2025-08-14
2449965110012013004,2025-08-14
2603091538862898406,2025-08-14
3828751370547352448,2025-08-14
3891117339130576500,2025-08-14
3901257438148375808,2025-08-14
4117334242970440768,2025-08-14
4251403556427968395,2025-08-14
4899922101829706304,2025-08-14
4910082336722384384,2025-08-14
5125108828712653249,2025-08-14
6052843423965704462,2025-08-14
6341074104264852073,2025-08-14
6341074104264852356,2025-08-14
6629304165209877571,2025-08-14
7719182053721747777,2025-08-14
7782225885427882725,2025-08-14
8214571128982578575,2025-08-14
8214571128982578588,2025-08-14
1585271561337011960,2025-08-15
1585271561337021320,2025-08-15
2377907662666834967,2025-08-15
2738194092690289800,2025-08-15
3747000630363940378,2025-08-15
3747000630363940446,2025-08-15
3747001515156930818,2025-08-15
3828751370547352448,2025-08-15
4107288419676846194,2025-08-15
4107288419676846200,2025-08-15
5116096277414528843,2025-08-15
6557246880847484935,2025-08-15
8656829890936839488,2025-08-15
8944568632607099200,2025-08-15
1585271561336624245,2025-08-16
1585271561336743813,2025-08-16
1585271561336864469,2025-08-16
1585271561337011960,2025-08-16
1585271561337038249,2025-08-16
3035436765780351298,2025-08-16
6052842926298072622,2025-08-16
6557246880847484935,2025-08-16
6710377279947371714,2025-08-16
7214778464155601536,2025-08-16
8872102004503143591,2025-08-16
441361688982362497,2025-08-17
513421936608554178,2025-08-17
576468234569919249,2025-08-17
648524241621891147,2025-08-17
1585271561336650557,2025-08-17
1585271561336657646,2025-08-17
1585271561336821769,2025-08-17
1585271561337011960,2025-08-17
2738194092690289771,2025-08-17
3179552246924931267,2025-08-17
3747000630363940378,2025-08-17
5044039385649898752,2025-08-17
5413337214202462653,2025-08-17
5557453419725369300,2025-08-17
6052843423965704462,2025-08-17
6557246880847484935,2025-08-17
8872102004503143591,2025-08-17
9089272665615484736,2025-08-17
441361688982364354,2025-08-18
945767318361640843,2025-08-18
1585271561336632628,2025-08-18
1585271561336864469,2025-08-18
1585271561336969686,2025-08-18
2522022433100765069,2025-08-18
3756013447131138699,2025-08-18
4116938418784426305,2025-08-18
5629511854270500800,2025-08-18
6341074104264855981,2025-08-18
6566258848326419843,2025-08-18
7493996875135986974,2025-08-18
8502803222098581352,2025-08-18
8872102004503143591,2025-08-18
792639191900656652,2025-08-19
874294004464681344,2025-08-19
1307184097019787264,2025-08-19
1585271561336710324,2025-08-19
1585271561336920078,2025-08-19
1585271561336969686,2025-08-19
1666343015431464640,2025-08-19
2377907662666834967,2025-08-19
3530830270264484172,2025-08-19
3891117339130576500,2025-08-19
3901257438148375808,2025-08-19
4188356816114174594,2025-08-19
4693213739758153216,2025-08-19
4980991965168188033,2025-08-19
5557452949714472260,2025-08-19
6133915128677068544,2025-08-19
6701361217345428191,2025-08-19
7358893580340059008,2025-08-19
8718976421679841619,2025-08-19
8801543622528988544,2025-08-19
8935147025123496246,2025-08-19
657540071955486912,2025-08-20
801654530129728256,2025-08-20
1306055918923481346,2025-08-20
1585271561336657646,2025-08-20
1585271561336994462,2025-08-20
2305850098877774736,2025-08-20
2388541402619723073,2025-08-20
2449965110012013004,2025-08-20
2738194092690289674,2025-08-20
3756013447131138699,2025-08-20
4980991965168188033,2025-08-20
6566259564838451588,2025-08-20
6629304165209876438,2025-08-20
7719183474830902656,2025-08-20
8224440644842975296,2025-08-20
8872102004503143591,2025-08-20
8872104940726666496,2025-08-20
369305764258770457,2025-08-21
864698737912134848,2025-08-21
1369101347001710020,2025-08-21
1585271561336584729,2025-08-21
1585271561336710324,2025-08-21
1585271561337014604,2025-08-21
1666343015431464640,2025-08-21
3530830270264484172,2025-08-21
4107288419676846194,2025-08-21
4980991965168188033,2025-08-21
5053052694490078976,2025-08-21
5116095829525861647,2025-08-21
5629511854270500800,2025-08-21
8286630365325210817,2025-08-21
8872103381380754816,2025-08-21
360293909705804778,2025-08-22
585481725913663553,2025-08-22
792639191900656652,2025-08-22
1585271561336980948,2025-08-22
1585271561336986701,2025-08-22
1585271561337011960,2025-08-22
1585271561337054596,2025-08-22
2098689768527749313,2025-08-22
2449965262016764108,2025-08-22
3819059496266608833,2025-08-22
4035232106963127754,2025-08-22
4107288419676846194,2025-08-22
4611694214010660315,2025-08-22
5629511959330150400,2025-08-22
8367701467274729984,2025-08-22
8511817191720792833,2025-08-22
874294004464681344,2025-08-23
946553516040883456,2025-08-23
1585271561336690460,2025-08-23
1585271561336747433,2025-08-23
1585271561336939603,2025-08-23
1585271561337003723,2025-08-23
1585271561337036739,2025-08-23
1585271561337044959,2025-08-23
2305848744076622577,2025-08-23
2738194092690289797,2025-08-23
3530830270264484172,2025-08-23
3900421809311229248,2025-08-23
4476588735011997195,2025-08-23
5980787599406315060,2025-08-23
6845478493809504321,2025-08-23
7286838098605874561,2025-08-23
8295643071445389184,2025-08-23
216178771397981588,2025-08-24
369305764258770457,2025-08-24
1585271561336834944,2025-08-24
1585271561337003723,2025-08-24
1585271561337019311,2025-08-24
1729388589032331985,2025-08-24
3098483602160404120,2025-08-24
3747000630363940378,2025-08-24
4035232106963127754,2025-08-24
6341074104264853985,2025-08-24
6711600666779088385,2025-08-24
7421939452518496470,2025-08-24
7430953319858640640,2025-08-24
7719181970776511680,2025-08-24
8872102004503143591,2025-08-24
144121238185983625,2025-08-25
441361688982367554,2025-08-25
945767318361640843,2025-08-25
1585271561336766040,2025-08-25
1585271561336934723,2025-08-25
1585271561337009291,2025-08-25
1585271561337026298,2025-08-25
1594287976076177216,2025-08-25
3098483602160404120,2025-08-25
3107495819638266880,2025-08-25
4107288419676846194,2025-08-25
4764817325728903810,2025-08-25
5629511959330150400,2025-08-25
6629304165209877951,2025-08-25
7421937771504245228,2025-08-25
945767318361640843,2025-08-26
1450167894921152576,2025-08-26
1585271561336784959,2025-08-26
1585271561336826681,2025-08-26
1585271561336965723,2025-08-26
1585271561337035030,2025-08-26
1585274479214059157,2025-08-26
1873514497487928217,2025-08-26
2305848744076623468,2025-08-26
2388593940434537216,2025-08-26
2449965668495115337,2025-08-26
3035438502080357056,2025-08-26
3685155140900563584,2025-08-26
3828751370547352448,2025-08-26
4107288419676846194,2025-08-26
4260416483740630784,2025-08-26
4693328088967446145,2025-08-26
6341074104264853846,2025-08-26
7215590911962668352,2025-08-26
8151526594975941451,2025-08-26
8511814487741101120,2025-08-26
8583871904837544942,2025-08-26
8863091449405593921,2025-08-26
9079264347632290093,2025-08-26
792639191900656652,2025-08-27
1369101347001709768,2025-08-27
1585271561336901830,2025-08-27
1585271561336929916,2025-08-27
1585271561336969686,2025-08-27
1585271561337034659,2025-08-27
1585271561337034979,2025-08-27
1666345625407870272,2025-08-27
2305848744076622784,2025-08-27
2305848744076623288,2025-08-27
2388593940434537216,2025-08-27
3098483602160404038,2025-08-27
3891115984388077661,2025-08-27
4107288419676846194,2025-08-27
4764817325728907460,2025-08-27
5404327400063577413,2025-08-27
5991025196473750720,2025-08-27
7071730495301498368,2025-08-27
369305764258770457,2025-08-28
1306055321721055768,2025-08-28
1585271561337003723,2025-08-28
1585271561337008237,2025-08-28
1585271561337036299,2025-08-28
1873514497487928217,2025-08-28
2738194092690289087,2025-08-28
3098483135638259014,2025-08-28
3107495819638272003,2025-08-28
3747000630363940378,2025-08-28
4107288419676846194,2025-08-28
6341072931965192096,2025-08-28
7143312829365637760,2025-08-28
504410216844887574,2025-08-29
792640928209094937,2025-08-29
874584275534426368,2025-08-29
1017826062559976640,2025-08-29
1585271561336901830,2025-08-29
1585271561337020061,2025-08-29
1585271561337040758,2025-08-29
4107288419676846096,2025-08-29
4692759896965140290,2025-08-29
5116096277414528843,2025-08-29
6052843423965704808,2025-08-29
6711477864312357568,2025-08-29
7430951976169581696,2025-08-29
7719181970776511680,2025-08-29
7854284809238590800,2025-08-29
1585271561336901830,2025-08-30
1585271561337003723,2025-08-30
1585271561337012250,2025-08-30
1585271561337023951,2025-08-30
1585271561337053064,2025-08-30
1666345625407870272,2025-08-30
2954367870147815893,2025-08-30
2954367870147816339,2025-08-30
3747000630363940378,2025-08-30
4107288419676846096,2025-08-30
4107288419676846194,2025-08-30
6341074104264854342,2025-08-30
6629304165209876489,2025-08-30
8368054544090180032,2025-08-30
9989555737518336,2025-08-31
369306588173643414,2025-08-31
936754186446804364,2025-08-31
1585271561337003723,2025-08-31
1585271561337022991,2025-08-31
1738403280270865088,2025-08-31
1739916987938841344,2025-08-31
2233791780476071135,2025-08-31
2305848744076622648,2025-08-31
2882310110228255577,2025-08-31
3684346221097551104,2025-08-31
4107288419676846194,2025-08-31
4405819833020689728,2025-08-31
6052843423965704462,2025-08-31
6413133733194254145,2025-08-31
6629304165209877503,2025-08-31
7430951976169581696,2025-08-31
7576643904375722625,2025-08-31
8800042911955350657,2025-08-31
1585271561336638088,2025-09-01
1585271561336939603,2025-09-01
1585271561337003723,2025-09-01
1585271561337010470,2025-09-01
1729388589032331985,2025-09-01
3035438502080357056,2025-09-01
4692759896965140290,2025-09-01
8872104940726666496,2025-09-01
5034735006505,2025-09-02
369306588173643414,2025-09-02
1585271561336916995,2025-09-02
1585271561337054659,2025-09-02
3611898983435468034,2025-09-02
3747000630363940378,2025-09-02
4764817325728908033,2025-09-02
5116095829525861647,2025-09-02
5197177867537097536,2025-09-02
5332267584642577438,2025-09-02
5413337214202460504,2025-09-02
5548441990942654369,2025-09-02
6196960145816224397,2025-09-02
6413133404652387456,2025-09-02
6629304165209876826,2025-09-02
6629304165209877571,2025-09-02
8007413447319366784,2025-09-02
8511817191720792833,2025-09-02
369306588173643414,2025-09-03
441361688982362880,2025-09-03
1522327548243721536,2025-09-03
1585271561337001691,2025-09-03
1585271561337035030,2025-09-03
1729388589032331985,2025-09-03
3747000630363940378,2025-09-03
3747000630363940429,2025-09-03
3900491956871671808,2025-09-03
3963174911056333763,2025-09-03
4548647573216189508,2025-09-03
5332267584642577225,2025-09-03
7782225973962771564,2025-09-03
8430745724812681766,2025-09-03
1522228125953156623,2025-09-04
1585271561337020061,2025-09-04
1739916987938841344,2025-09-04
3747000630363940378,2025-09-04
4116303225502382720,2025-09-04
5332267584642577320,2025-09-04
1585271561336814638,2025-09-05
1585271561336935049,2025-09-05
1585271561337010551,2025-09-05
1585271561337020061,2025-09-05
1585271561337035030,2025-09-05
2233791780476071135,2025-09-05
2242805481916280257,2025-09-05
2314863075954556928,2025-09-05
2388593940434537216,2025-09-05
2819265587255210048,2025-09-05
5044039385649898752,2025-09-05
5116095829525861647,2025-09-05
5485393630446062144,2025-09-05
6341074104264853769,2025-09-05
6629304165209877571,2025-09-05
369306588173643414,2025-09-06
504410216844887574,2025-09-06
1585271561336914069,2025-09-06
1585271561336981550,2025-09-06
1585271561337020061,2025-09-06
1585271561337036442,2025-09-06
1585271561337038249,2025-09-06
2233791780476071135,2025-09-06
2819265587255210048,2025-09-06
3747000630363940378,2025-09-06
4611691438142762188,2025-09-06
6629304165209877571,2025-09-06
7000147901829877888,2025-09-06
7576643904375722625,2025-09-06
648524241621891017,2025-09-07
1306110973670995840,2025-09-07
1585271561336907068,2025-09-07
1585271561337007204,2025-09-07
1585271561337020061,2025-09-07
1873514497487928217,2025-09-07
1955985030040472000,2025-09-07
1956151497532999744,2025-09-07
2233791780476071135,2025-09-07
3395728048205572672,2025-09-07
4332819951031581440,2025-09-07
4476589022556912707,2025-09-07
5413337214202460210,2025-09-07
6494201578204133717,2025-09-07
6566259415539717973,2025-09-07
7576643904375722625,2025-09-07
7638112022221130127,2025-09-07
7647124409916189440,2025-09-07
5034735006420,2025-09-08
288235994927349424,2025-09-08
360293909705804832,2025-09-08
442589780884584704,2025-09-08
1233998612444276034,2025-09-08
1585271561336614914,2025-09-08
1585271561336741967,2025-09-08
1585271561336910174,2025-09-08
1585271561336939603,2025-09-08
1585271561336951321,2025-09-08
2315410463079109376,2025-09-08
3170542200554773569,2025-09-08
3611898983435468929,2025-09-08
3747000630363940378,2025-09-08
3828751370547352448,2025-09-08
5764613821978702669,2025-09-08
6782432877799019008,2025-09-08
7286835908884542084,2025-09-08
7576643904375722625,2025-09-08
7926340078215188296,2025-09-08
729595702993863104,2025-09-09
946914460040435776,2025-09-09
1306055321721055829,2025-09-09
1585271561336820883,2025-09-09
1585271561336901830,2025-09-09
1585271561336934307,2025-09-09
1585271561336939603,2025-09-09
1585271561337010551,2025-09-09
2233791780476071135,2025-09-09
3467783911479848960,2025-09-09
3747000630363940378,2025-09-09
5980787599406315050,2025-09-09
5990866601320619776,2025-09-09
6052843423965704468,2025-09-09
6566258848326450193,2025-09-09
6927906236549392704,2025-09-09
7214779874194756800,2025-09-09
7576643904375722625,2025-09-09
8502804186997688729,2025-09-09
369306588173643414,2025-09-10
513422920879684160,2025-09-10
1233998501833434304,2025-09-10
1585271561336801038,2025-09-10
1585271561336835628,2025-09-10
1585271561337041917,2025-09-10
1729388589032331985,2025-09-10
1810488552298001280,2025-09-10
3747000630363940378,2025-09-10
4755806029018135186,2025-09-10
6052843423965704808,2025-09-10
6927906236549392704,2025-09-10
8007412031770014786,2025-09-10
8511814487741101120,2025-09-10
8511817191720792833,2025-09-10
8872102004503143591,2025-09-10
1017826062559976640,2025-09-11
1585271561336826681,2025-09-11
1585271561336910174,2025-09-11
1585271561336965723,2025-09-11
1585271561337026298,2025-09-11
2233791780476071135,2025-09-11
4332688031754152128,2025-09-11
4539635606295686016,2025-09-11
4539635606295686581,2025-09-11
4908935609760525954,2025-09-11
5044039385649898752,2025-09-11
6206986986536104064,2025-09-11
6557248337431442582,2025-09-11
6998605659912808066,2025-09-11
7576643904375722625,2025-09-11
8863091449405593921,2025-09-11
801651201304651908,2025-09-12
1585271561336937810,2025-09-12
1585271561337036739,2025-09-12
2242805481916280257,2025-09-12
2387485871456972544,2025-09-12
2738194092690289683,2025-09-12
2882321156862687168,2025-09-12
4764817325728901248,2025-09-12
5125106987349937950,2025-09-12
5332267584642577443,2025-09-12
5413337214202460210,2025-09-12
5629848815320820608,2025-09-12
7576643904375722625,2025-09-12
8079469907788932736,2025-09-12
8511814465627459280,2025-09-12
8511817191720792833,2025-09-12
864698737912134848,2025-09-13
1233998612444276034,2025-09-13
1585271561336812430,2025-09-13
1585271561337012809,2025-09-13
3747000630363940378,2025-09-13
7286835588169424773,2025-09-13
7576643904375722625,2025-09-13
8511817191720792833,2025-09-13
864698737912134848,2025-09-14
874855854027596352,2025-09-14
936754186446804364,2025-09-14
1585271561336618804,2025-09-14
1883917688565411456,2025-09-14
3251609575546333699,2025-09-14
3747000630363940378,2025-09-14
4323473004444958080,2025-09-14
4476591466642187584,2025-09-14
4620705194905618881,2025-09-14
4837337629923812032,2025-09-14
5989799398687552961,2025-09-14
6629304165209876610,2025-09-14
7000007313155770752,2025-09-14
7576643904375722625,2025-09-14
8863090172069209728,2025-09-14
360293909705805023,2025-09-15
864698737912134848,2025-09-15
1369101741337283277,2025-09-15
1585271561336824147,2025-09-15
1585271561336835628,2025-09-15
1585271561336876209,2025-09-15
1585271561336989842,2025-09-15
1585271561337047436,2025-09-15
1739916987938841344,2025-09-15
4692759896965140290,2025-09-15
4837337629923812032,2025-09-15
5044039385649898752,2025-09-15
5125106987349937950,2025-09-15
5629511854270504897,2025-09-15
369306588173643414,2025-09-16
1585271561336892046,2025-09-16
1585271561337020657,2025-09-16
1585271561337026298,2025-09-16
1585271561337026805,2025-09-16
1585271561337046123,2025-09-16
3828751370547352448,2025-09-16
4107288419676846176,2025-09-16
4693213739758153216,2025-09-16
4755806029018135186,2025-09-16
4837259759342887489,2025-09-16
5269222877690299145,2025-09-16
6061859049728066433,2025-09-16
7349881930372709760,2025-09-16
369306588173643414,2025-09-17
441365747090418625,2025-09-17
1585271561336828790,2025-09-17
1585271561336848397,2025-09-17
2738194092690289732,2025-09-17
2882311520272393920,2025-09-17
4764817325728908033,2025-09-17
5269222877690299145,2025-09-17
5629513220079284288,2025-09-17
6061859049728066433,2025-09-17
6629304165209878717,2025-09-17
6629304165209878726,2025-09-17
8367701467274729984,2025-09-17
8511817191720792833,2025-09-17
369305764258770457,2025-09-18
1585271561336938714,2025-09-18
1585271561336939603,2025-09-18
1585271561337036739,2025-09-18
2170890936830043136,2025-09-18
3251609575546333699,2025-09-18
4611694214010660315,2025-09-18
5125106987349937950,2025-09-18
6196960145816224397,2025-09-18
6927906236549392704,2025-09-18
7215590911962668352,2025-09-18
7576643904375722625,2025-09-18
369306588173643414,2025-09-19
504410216844887574,2025-09-19
936754186446804364,2025-09-19
1729388589032331985,2025-09-19
4548647573216189508,2025-09-19
5044039385649898752,2025-09-19
6124903351516349376,2025-09-19
6341074104264852773,2025-09-19
6341074104264853588,2025-09-19
6629304165209876621,2025-09-19
7576643904375722625,2025-09-19
5034735006054,2025-09-20
360295281038589837,2025-09-20
1585271561336939603,2025-09-20
1585271561336983258,2025-09-20
1585271561337038249,2025-09-20
1667991858692970944,2025-09-20
1882517727383915840,2025-09-20
2305848744076624014,2025-09-20
3458771820566642445,2025-09-20
4035232106963127754,2025-09-20
4620705515620634944,2025-09-20
4764817325728908033,2025-09-20
6196961100373024751,2025-09-20
6341074104264852291,2025-09-20
6927906236549392704,2025-09-20
7214778762743763392,2025-09-20
8367701467274729984,2025-09-20
1585271561336654772,2025-09-21
1585271561336916995,2025-09-21
1585271561336939603,2025-09-21
1585271561337050448,2025-09-21
1666345625407870272,2025-09-21
1729388589032331985,2025-09-21
1729390231323623488,2025-09-21
2386920338217059969,2025-09-21
4035232106963127754,2025-09-21
4179348047056553453,2025-09-21
4764817325728908033,2025-09-21
5044039385649898752,2025-09-21
5341280786910604865,2025-09-21
6052843423965704462,2025-09-21
6413133733194254145,2025-09-21
6629304165209876826,2025-09-21
7576643904375722625,2025-09-21
5034735007183,2025-09-22
1585271561337010551,2025-09-22
1585271561337054199,2025-09-22
4188356816114176577,2025-09-22
8583871904837544896,2025-09-22
8655930903394017281,2025-09-22
720583759961119936,2025-09-23
945767318361640843,2025-09-23
1297043776825667136,2025-09-23
1306055918923481346,2025-09-23
1585271561336775309,2025-09-23
1585271561336947644,2025-09-23
1585271561336992295,2025-09-23
1585271561337036473,2025-09-23
1585271561337052854,2025-09-23
1585271561337054199,2025-09-23
3251612439879604416,2025-09-23
4764817325728908033,2025-09-23
5332267584642577160,2025-09-23
5764612461673938508,2025-09-23
7000007313155770752,2025-09-23
1585271561336717022,2025-09-24
1585271561336766040,2025-09-24
1585271561337034979,2025-09-24
1739916987938841344,2025-09-24
2810253572328673248,2025-09-24
3107497533813582784,2025-09-24
3972183818959580032,2025-09-24
4107288419676846176,2025-09-24
6196961000847500672,2025-09-24
6629304165209876610,2025-09-24
7142785589095501632,2025-09-24
7576643904375722625,2025-09-24
7998400403885849124,2025-09-24
8800699037240317312,2025-09-24
8863091126132830545,2025-09-24
8935147025123495674,2025-09-24
9079264347632290320,2025-09-24
648524346683254859,2025-09-25
1585271561336717022,2025-09-25
1585271561336766040,2025-09-25
1585271561336938714,2025-09-25
1585271561337011960,2025-09-25
1585271561337052854,2025-09-25
2233792731551792686,2025-09-25
2242804895778101824,2025-09-25
2305848744076622417,2025-09-25
2531033574337164798,2025-09-25
2594080773626550032,2025-09-25
3098483602160404120,2025-09-25
3972187335165675456,2025-09-25
5116095829525861647,2025-09-25
5764615010830211364,2025-09-25
7576643904375722625,2025-09-25
7998400403885849124,2025-09-25
8367701467274729984,2025-09-25
8430745724812681766,2025-09-25
8935147025123495674,2025-09-25
1585271561337010551,2025-09-26
3107495819638267072,2025-09-26
4694401212316192064,2025-09-26
4764817325728903810,2025-09-26
4764817325728908033,2025-09-26
5269224077618120705,2025-09-26
6341074104264852773,2025-09-26
6341074104264854342,2025-09-26
6629305709414973060,2025-09-26
720580779483787593,2025-09-27
1297043776825667136,2025-09-27
1585271561336832225,2025-09-27
1585271561336914069,2025-09-27
1585271561336926077,2025-09-27
1585271561337020657,2025-09-27
2242804895778101824,2025-09-27
4179347997302420034,2025-09-27
4694348524231748224,2025-09-27
4764817325728908033,2025-09-27
4899933618508618624,2025-09-27
5197164996113048095,2025-09-27
6927906236549392704,2025-09-27
7576643904375722625,2025-09-27
7791241212634245504,2025-09-27
7998400403885849124,2025-09-27
8367700322646860865,2025-09-27
8727988444133190403,2025-09-27
1297043776825667136,2025-09-28
1369101347001709768,2025-09-28
1585271561336611209,2025-09-28
1585271561336807123,2025-09-28
1585271561337016749,2025-09-28
1585271561337017810,2025-09-28
1585271561337026298,2025-09-28
1729388589032331985,2025-09-28
2954367870147816130,2025-09-28
4188358270391977168,2025-09-28
4261959034835069440,2025-09-28
4764817325728908033,2025-09-28
5126527515671367937,2025-09-28
5269224956824505472,2025-09-28
5332267584642577409,2025-09-28
5413337214202460145,2025-09-28
5548441990942654369,2025-09-28
6278622038215673792,2025-09-28
6629304165209877012,2025-09-28
6629304165209878003,2025-09-28
7998400403885849124,2025-09-28
8367700322646860865,2025-09-28
8872102004503143591,2025-09-28
8872102557463947648,2025-09-28
1297043776825667136,2025-09-29
1306055918923481346,2025-09-29
1522327548243721536,2025-09-29
1585271561336724594,2025-09-29
1585271561336807123,2025-09-29
1585271561336914069,2025-09-29
1585271561337015543,2025-09-29
1585271561337044238,2025-09-29
1729388589032331985,2025-09-29
2738194092690289732,2025-09-29
3963174951955398626,2025-09-29
4117430308736267392,2025-09-29
4548647573216189508,2025-09-29
4692759896965140290,2025-09-29
4755806029018135186,2025-09-29
5116096277414531212,2025-09-29
6341074104264854133,2025-09-29
7576643904375722625,2025-09-29
8872102557463947648,2025-09-29
9007204939872883031,2025-09-29
9007204939872883265,2025-09-29
2233791780476071135,2025-09-30
2954367870147816270,2025-09-30
3035436765780351298,2025-09-30
4188356816114174594,2025-09-30
5630182746138349696,2025-09-30
6052843423965704632,2025-09-30
6557248561836698827,2025-09-30
6629304165209876323,2025-09-30
6629304165209876610,2025-09-30
6629304165209876826,2025-09-30
7576643904375722625,2025-09-30
801651201304651908,2025-10-01
1585271561336799367,2025-10-01
1585271561336804332,2025-10-01
1585271561336901830,2025-10-01
1585271561337012809,2025-10-01
1585271561337021320,2025-10-01
1729388589032331985,2025-10-01
3035563848157528640,2025-10-01
3098483602160404120,2025-10-01
3467784160333701762,2025-10-01
4035232106963127754,2025-10-01
4405994693120169024,2025-10-01
4548647573216187331,2025-10-01
5991482593310920128,2025-10-01
6196958805535046283,2025-10-01
6278735978234865280,2025-10-01
6341074104264853846,2025-10-01
7504138102408131905,2025-10-01
7576643904375722625,2025-10-01
1008813765626946051,2025-10-02
1585271561336609638,2025-10-02
1585271561336914069,2025-10-02
1585271561336996560,2025-10-02
2098689923357003649,2025-10-02
2314863075954556928,2025-10-02
4107288419676846176,2025-10-02
4764817325728908033,2025-10-02
5332267584642577413,2025-10-02
6133915001473537600,2025-10-02
6629304165209878917,2025-10-02
6638317131229860104,2025-10-02
6710375698481685377,2025-10-02
8872102004503143591,2025-10-02
1585271561336806904,2025-10-03
1585271561336824147,2025-10-03
1585271561336934307,2025-10-03
1585271561336944162,2025-10-03
1585271561337050448,2025-10-03
2098689923357003649,2025-10-03
2604256311380796096,2025-10-03
3972187335165675456,2025-10-03
6629304165209878003,2025-10-03
6917536153237305201,2025-10-03
6927737971451443776,2025-10-03
7349882510985507136,2025-10-03
7854284809238590800,2025-10-03
8295642745197945921,2025-10-03
8430745724812681766,2025-10-03
9089387014824778048,2025-10-03
1585271561337034979,2025-10-04
3251612439879604416,2025-10-04
3901231049869308352,2025-10-04
4116604167249567488,2025-10-04
4260570098204493121,2025-10-04
4764817325728903361,2025-10-04
6341074104264855803,2025-10-04
6341074104264855981,2025-10-04
6999901611225248000,2025-10-04
7286836340193224256,2025-10-04
7720073494878998464,2025-10-04
8151526484379737797,2025-10-04
8214571128982578588,2025-10-04
8358687489347898503,2025-10-04
8872102004503143591,2025-10-04
9910175246783616,2025-10-05
1306110973670995840,2025-10-05
1585271561336833657,2025-10-05
1585271561336892349,2025-10-05
1585271561337034979,2025-10-05
1585271561337051847,2025-10-05
1666343015431464640,2025-10-05
3251612439879604416,2025-10-05
3467783911479848960,2025-10-05
3747000630363940378,2025-10-05
3891115984388077643,2025-10-05
4116339792266941760,2025-10-05
4116348389294694784,2025-10-05
4332819951031581440,2025-10-05
5116096277414530917,2025-10-05
6206643039465930496,2025-10-05
6341074104264855487,2025-10-05
6341075541957838402,2025-10-05
6629304165209878779,2025-10-05
7576643904375722625,2025-10-05
7926341023773843088,2025-10-05
8728923753167630016,2025-10-05
8872102004503143591,2025-10-05
504410216844887574,2025-10-06
1585271561336667188,2025-10-06
1585271561336717470,2025-10-06
1585271561336747433,2025-10-06
1585271561337007884,2025-10-06
1585271561337054434,2025-10-06
3467783911479848960,2025-10-06
3747001515156930818,2025-10-06
4035232106963127754,2025-10-06
4179348185308884928,2025-10-06
4611692333961081287,2025-10-06
4692759896965140290,2025-10-06
4694401212316192064,2025-10-06
4764817325728903361,2025-10-06
6061859049728065089,2025-10-06
6196958805535046283,2025-10-06
6278112036238381505,2025-10-06
6629304165209877241,2025-10-06
8872102004503143591,2025-10-06
1585271561336660770,2025-10-07
1585271561336915000,2025-10-07
1585271561336979665,2025-10-07
1585271561337052322,2025-10-07
2820174742291047296,2025-10-07
3458771820566641206,2025-10-07
3757741567770869504,2025-10-07
4035232106963127754,2025-10-07
4107288419676846085,2025-10-07
4179348185308884928,2025-10-07
4755806029018135186,2025-10-07
4899922101829706304,2025-10-07
5341280786910604865,2025-10-07
6052843423965704501,2025-10-07
6629304165209877571,2025-10-07
7791241212634245504,2025-10-07
8872102004503143591,2025-10-07
8935147025123496452,2025-10-07
369305764258770368,2025-10-08
1585271561336714584,2025-10-08
1585271561336901830,2025-10-08
1585271561336970129,2025-10-08
1585271561337054434,2025-10-08
1729390231323623488,2025-10-08
3747000630363940380,2025-10-08
4260587176099652608,2025-10-08
4838217239226069312,2025-10-08
5269224956824505472,2025-10-08
5908729607245342097,2025-10-08
5980785973690676235,2025-10-08
6052843423965704808,2025-10-08
7421937898647071562,2025-10-08
8295997740842871232,2025-10-08
8655932031432152448,2025-10-08
8944160953299386496,2025-10-08
144122509983743747,2025-10-09
1585271561336611209,2025-10-09
1585271561336999756,2025-10-09
1729388589032331985,2025-10-09
2089675984079929121,2025-10-09
3179552246924931267,2025-10-09
3179555089145714112,2025-10-09
3467784171369747138,2025-10-09
3819059496266608833,2025-10-09
3828751370547352448,2025-10-09
4539635606295686388,2025-10-09
4620705194905618881,2025-10-09
4899922101829706304,2025-10-09
5908729607245342097,2025-10-09
5980785973690676235,2025-10-09
5980786504561921994,2025-10-09
6052843423965704808,2025-10-09
6927906236549392704,2025-10-09
8368908434252673472,2025-10-09
9007204939872883479,2025-10-09
1585271561336660410,2025-10-10
1585271561336775835,2025-10-10
1585271561336817322,2025-10-10
1729388589032331985,2025-10-10
2242804895778101824,2025-10-10
2603089841281918144,2025-10-10
2738194092690289025,2025-10-10
3107495819638272003,2025-10-10
3395728048205572672,2025-10-10
3747001954464117380,2025-10-10
4035232106963127754,2025-10-10
4107288419676846091,2025-10-10
5116096277414530917,2025-10-10
5341282749928416897,2025-10-10
6052843423965704808,2025-10-10
8872102004503143591,2025-10-10
8872103381380754816,2025-10-10
946492507505883072,2025-10-11
1585271561336618120,2025-10-11
1585271561336817322,2025-10-11
1585271561336939603,2025-10-11
1585271561337050448,2025-10-11
2738194092690289025,2025-10-11
3901257438148375808,2025-10-11
3963175209649623032,2025-10-11
4107288419676846091,2025-10-11
4116604167249567488,2025-10-11
4260416483740630784,2025-10-11
5269224956824505472,2025-10-11
5908729607245342098,2025-10-11
5917738752920382337,2025-10-11
6567609326341607744,2025-10-11
6927906236549392704,2025-10-11
7791241212634245504,2025-10-11
8214573009054500917,2025-10-11
443118580829952448,2025-10-12
1306055918923481346,2025-10-12
1585271561336720000,2025-10-12
1585271561336817322,2025-10-12
1585271561336921096,2025-10-12
1585271561336983258,2025-10-12
1585271561337036299,2025-10-12
1585271561337036307,2025-10-12
1585271561337051847,2025-10-12
1666344126885338305,2025-10-12
1729388589032331985,2025-10-12
1811764471093953345,2025-10-12
2027611165595319872,2025-10-12
2233791780476071135,2025-10-12
2242804895778101824,2025-10-12
4179348047056553453,2025-10-12
4908936206957545857,2025-10-12
5917742346563017472,2025-10-12
6629304165209877093,2025-10-12
8430746051069922433,2025-10-12
8872103381380754816,2025-10-12
8935147025123496477,2025-10-12
441361688982367234,2025-10-13
864698737912134848,2025-10-13
946552874607559680,2025-10-13
1306055227717714057,2025-10-13
1378110665222670401,2025-10-13
1585271561336914069,2025-10-13
1585271561336955795,2025-10-13
1585271561337006096,2025-10-13
3251611007714858048,2025-10-13
3395726566295387138,2025-10-13
3458771664316827264,2025-10-13
4548647573216187331,2025-10-13
4621534128888346560,2025-10-13
4692759896965140290,2025-10-13
4755806029018135186,2025-10-13
5917742346563017472,2025-10-13
6350087783588513984,2025-10-13
6629304165209879143,2025-10-13
7576643904375722625,2025-10-13
8214572793405073281,2025-10-13
8439778948379488000,2025-10-13
8872102004503143591,2025-10-13
8945870093784339904,2025-10-13
432351254888983589,2025-10-14
648524241621891083,2025-10-14
864698737912134848,2025-10-14
1306055227717714057,2025-10-14
1585271561336969686,2025-10-14
1585271561336984926,2025-10-14
1585271561336999191,2025-10-14
1585271561337051847,2025-10-14
2242804895778104131,2025-10-14
2242869852638387712,2025-10-14
2305848744076622012,2025-10-14
2314863075954556928,2025-10-14
3891115984388077827,2025-10-14
3901231049869308352,2025-10-14
4260570098204493121,2025-10-14
4621534128888346560,2025-10-14
5260212023980595118,2025-10-14
6341075541957842305,2025-10-14
6350266735761193216,2025-10-14
6629304165209877937,2025-10-14
6629304165209878717,2025-10-14
7576643904375722625,2025-10-14
8944160953299386496,2025-10-14
864698737912134848,2025-10-15
1585271561336901830,2025-10-15
1585271561336939603,2025-10-15
1585271561336944162,2025-10-15
1585271561336969686,2025-10-15
2316166949196710976,2025-10-15
2738194092690289087,2025-10-15
3963175209649623032,2025-10-15
5332267584642577308,2025-10-15
5332267584642577413,2025-10-15
5557452949714472260,2025-10-15
5836672477688188876,2025-10-15
5919328751150185280,2025-10-15
5980785973690676327,2025-10-15
6133915128677068544,2025-10-15
6196958805535046283,2025-10-15
6629304165209876610,2025-10-15
6998605659912808066,2025-10-15
7576643904375722625,2025-10-15
8801543622528988544,2025-10-15
5034735006217,2025-10-16
801651206834379886,2025-10-16
864698737912134848,2025-10-16
946914460040435776,2025-10-16
1585271561336585963,2025-10-16
1585271561336939603,2025-10-16
1666343015431464640,2025-10-16
1729388589032331985,2025-10-16
2242869852638387712,2025-10-16
2458979060291587008,2025-10-16
2748908614381779392,2025-10-16
3530830270264484172,2025-10-16
5557452949714472068,2025-10-16
6133915128677068544,2025-10-16
6638576398521673344,2025-10-16
8079467701476308354,2025-10-16
8872102004503143591,2025-10-16
5034735007357,2025-10-17
1585271561336660151,2025-10-17
1585271561336912413,2025-10-17
1585271561336939603,2025-10-17
1585271561337054434,2025-10-17
1666343015431464640,2025-10-17
2242804895778101824,2025-10-17
2387696738946225729,2025-10-17
3098483135638258628,2025-10-17
3828751370547352448,2025-10-17
3963175209649623032,2025-10-17
4179348047056553453,2025-10-17
4332926112403708992,2025-10-17
4755806029018135186,2025-10-17
5413337214202462417,2025-10-17
5557452949714472068,2025-10-17
6196958805535046283,2025-10-17
6710374448786440788,2025-10-17
504410216844887574,2025-10-18
1585271561336730527,2025-10-18
1585271561336804690,2025-10-18
1585271561336862731,2025-10-18
1585271561337036299,2025-10-18
1585271561337053064,2025-10-18
2098735651169564096,2025-10-18
2531033574337163863,2025-10-18
2738194092690289674,2025-10-18
3242598857385035457,2025-10-18
6052843423965704425,2025-10-18
6629304165209876588,2025-10-18
7719181224280448770,2025-10-18
153134773740665347,2025-10-19
864698737912134848,2025-10-19
1161942649620631617,2025-10-19
1585271561337032846,2025-10-19
2531033574337163819,2025-10-19
2594080773626550089,2025-10-19
2882310110228255577,2025-10-19
5332267584642577280,2025-10-19
5701568878757409536,2025-10-19
6061856428691210627,2025-10-19
6567609326341607744,2025-10-19
6629305709414973060,2025-10-19
7214778265081625857,2025-10-19
7576643904375722625,2025-10-19
8367700322646860865,2025-10-19
8801543622528988544,2025-10-19
8872102557463947648,2025-10-19
5034735006831,2025-10-20
153134773740665347,2025-10-20
1234809583742113409,2025-10-20
1306806058556077568,2025-10-20
1585271561336609638,2025-10-20
1585271561336614331,2025-10-20
1585271561336938714,2025-10-20
1585271561337034353,2025-10-20
1738401682216574849,2025-10-20
2882310110228255577,2025-10-20
3684346221097551104,2025-10-20
4261308455727522880,2025-10-20
4692759896965140290,2025-10-20
4980994376076635008,2025-10-20
5044039385649898752,2025-10-20
7277824441388353957,2025-10-20
8214572793405073281,2025-10-20
946228364784665728,2025-10-21
1161942649620632320,2025-10-21
1585271561336817322,2025-10-21
1585271561337013495,2025-10-21
1585271561337020491,2025-10-21
1585271561337034979,2025-10-21
1729388589032331985,2025-10-21
1738401682216574849,2025-10-21
2233802616987598273,2025-10-21
2242869852638387712,2025-10-21
2954368544761414400,2025-10-21
4764817325728907649,2025-10-21
6052843423965704462,2025-10-21
7576643904375722625,2025-10-21
8214572793405073281,2025-10-21
8368908434252673472,2025-10-21
441361688982367554,2025-10-22
864698737912134848,2025-10-22
1017826062559976640,2025-10-22
1585271561336741967,2025-10-22
1585271561336991274,2025-10-22
2954368544761414400,2025-10-22
5197164996113048095,2025-10-22
6052843423965704425,2025-10-22
6196961100373024751,2025-10-22
6629304165209876295,2025-10-22
6629304165209876826,2025-10-22
6629304165209877571,2025-10-22
6710377279947371714,2025-10-22
8214572793405073281,2025-10-22
1306057406386553280,2025-10-23
1585271561336618120,2025-10-23
1585271561336811493,2025-10-23
1585271561336901830,2025-10-23
1585271561337001691,2025-10-23
1585271561337033941,2025-10-23
1585271561337054434,2025-10-23
2386920338217062273,2025-10-23
2531033574337163656,2025-10-23
3109169289146835200,2025-10-23
3747001954464117380,2025-10-23
3819059496266608833,2025-10-23
4116339792266941760,2025-10-23
5125106987349937950,2025-10-23
6629304165209876610,2025-10-23
6638317131229860104,2025-10-23
7061650094407114889,2025-10-23
7576643904375722625,2025-10-23
298774987133531328,2025-10-24
432351254888982812,2025-10-24
1585271561336730527,2025-10-24
1585271561336811493,2025-10-24
1585271561336866220,2025-10-24
1585271561336872474,2025-10-24
3098483135638258628,2025-10-24
3098483602160404120,2025-10-24
3891115984388077504,2025-10-24
4107288419676846091,2025-10-24
4766328241907346432,2025-10-24
8430745561286483382,2025-10-24
5034735006047,2025-10-25
2594080773626550032,2025-10-25
2603412450760346816,2025-10-25
3098483602160404120,2025-10-25
3674943108267374686,2025-10-25
4107288419676846091,2025-10-25
4107288419676846176,2025-10-25
5053062541200284416,2025-10-25
6998605980629639169,2025-10-25
7576643904375722625,2025-10-25
7647124857813028096,2025-10-25
7782225973962771492,2025-10-25
8935147025123496934,2025-10-25
360293373317682068,2025-10-26
1306055321721055768,2025-10-26
1513216534290429780,2025-10-26
1585271561336690460,2025-10-26
1585271561336731414,2025-10-26
1585271561336984926,2025-10-26
2242869852638387712,2025-10-26
2675151659929808384,2025-10-26
2738194092690289683,2025-10-26
3963174951955398626,2025-10-26
3963175209649623032,2025-10-26
4548647573216181123,2025-10-26
4621288485247139456,2025-10-26
4764817325728907840,2025-10-26
5053062541200284416,2025-10-26
5197164996113047885,2025-10-26
5260212023980595118,2025-10-26
5918369977010725056,2025-10-26
6206643039465930496,2025-10-26
6269028026879258946,2025-10-26
6341072931965192096,2025-10-26
6629304165209876826,2025-10-26
6629304165209878003,2025-10-26
8223912547485265408,2025-10-26
360295281038589840,2025-10-27
801649609405801345,2025-10-27
1306055918923481346,2025-10-27
1585271561336710324,2025-10-27
1585271561336731414,2025-10-27
1585271561336939603,2025-10-27
1585271561337054434,2025-10-27
1666345625407870272,2025-10-27
1873514497487928217,2025-10-27
2316334052846495361,2025-10-27
3026426229517363157,2025-10-27
3035438502080357056,2025-10-27
4323473004444957760,2025-10-27
4692759896965140290,2025-10-27
4694401212316192064,2025-10-27
4764817325728907840,2025-10-27
5188154264055124614,2025-10-27
5548442020957777681,2025-10-27
6341072931965192431,2025-10-27
792639191900656642,2025-10-28
874294004464681344,2025-10-28
1161942649620631617,2025-10-28
1585271561336618707,2025-10-28
1585271561336937810,2025-10-28
1811764471093953345,2025-10-28
2738194092690288910,2025-10-28
3963175209649623032,2025-10-28
4107288419676846176,2025-10-28
4260665893039022657,2025-10-28
4908937353777222017,2025-10-28
5476385132355153731,2025-10-28
6350087523696082048,2025-10-28
1306055918923481346,2025-10-29
1585271561336929916,2025-10-29
1585271561337036299,2025-10-29
2170746759837790082,2025-10-29
2242869852638387712,2025-10-29
2531033574337164798,2025-10-29
2954368644292678146,2025-10-29
3098483602160404120,2025-10-29
3395728048205572672,2025-10-29
3467784016540725761,2025-10-29
5989800476951830080,2025-10-29
6341072931965192050,2025-10-29
8872102004503143591,2025-10-29
225193009216446528,2025-10-30
1306055918923481346,2025-10-30
1585271561336825728,2025-10-30
1585271561337009256,2025-10-30
1585271561337054434,2025-10-30
2810252842425727873,2025-10-30
3963175209649623032,2025-10-30
6341072931965192431,2025-10-30
8079469907788932736,2025-10-30
8800233530290716352,2025-10-30
8872102004503143591,2025-10-30
360295281038589837,2025-10-31
1585271561336944156,2025-10-31
1585271561337054434,2025-10-31
1810524221977767617,2025-10-31
2098735651169564096,2025-10-31
2242869852638387712,2025-10-31
3107495819638266880,2025-10-31
3314654999816724296,2025-10-31
3539841610578587776,2025-10-31
6196960147642318811,2025-10-31
6278860252023740416,2025-10-31
7576643904375722625,2025-10-31
8430745561286483350,2025-10-31
8872102557463947648,2025-10-31
